Source,Compare,Value,Val Type 2,Val Type 3
15,5362,0.810053087800724,0.8222408982418309,0.14285714285714285
23,17004,0.8052238667302283,0.8404775006400403,0.18181818181818185
32,15298,0.8133241648260726,0.8381072412533741,0.16666666666666666
32,17004,0.8142826630627084,0.834265282864905,0.08333333333333333
100,15298,0.8053413090560404,0.8329381110368534,0.14285714285714285
100,17004,0.819398489263729,0.8558545923278192,0.07692307692307693
141,15842,0.8242789654971986,0.833748591975253,0.09090909090909093
153,15298,0.8133241648260726,0.8381072412533741,0.16666666666666666
153,17004,0.8142826630627084,0.834265282864905,0.08333333333333333
168,15945,0.8020179081626421,0.8237581769183641,0.0
203,17004,0.8282395752637902,0.8445855958544971,0.07692307692307693
209,13951,0.801426098896545,0.8298688580627774,0.09090909090909093
209,17004,0.8402378891805452,0.8514958006494763,0.07692307692307693
220,16765,0.8002291592976059,0.8054497404059037,0.07692307692307693
222,17004,0.8599911421066759,0.8564263637605691,0.07692307692307693
226,8506,0.8038507500282717,0.817531202159195,0.0
233,17004,0.8237680780428581,0.8420276355500542,0.07692307692307693
241,17004,0.8105980088458914,0.8098321472043971,0.0
244,14585,0.8187539367833189,0.8444723816972666,0.09090909090909093
246,15945,0.8163318617331002,0.823271397542334,0.0
247,17004,0.8277619245006967,0.8334704882582528,0.07692307692307693
251,13331,0.8045920356592137,0.8202622704218006,0.0
257,14585,0.852457821922705,0.8720225239690746,0.09090909090909093
269,17886,0.8173361608358461,0.8330308023268337,0.14285714285714285
279,15298,0.8125035993119111,0.8385333131783199,0.14285714285714285
285,15298,0.8014350724298226,0.8223334672393087,0.16666666666666666
287,14277,0.8395265388698643,0.8553166175435095,0.09090909090909093
287,19954,0.8313984820467741,0.8477053861719996,0.125
291,15945,0.8117387116010932,0.8245590514751768,0.0
294,12922,0.8177288983799611,0.8373158828397145,0.08333333333333333
294,17250,0.8213911572521175,0.8402747464543682,0.1
306,15298,0.8130479987857959,0.8387458264770664,0.14285714285714285
307,14585,0.8331950367418338,0.8572335132020228,0.09090909090909093
311,14277,0.8710778849699101,0.8824765509136995,0.2
311,19954,0.8244569940137224,0.8406982694771689,0.125
321,1034,0.8020372942589057,0.7900965677466473,0.14285714285714285
334,15945,0.8117387116010932,0.8245590514751768,0.0
392,17106,0.8196979536620284,0.8480952539553646,0.0
397,5572,0.8040846915466232,0.8108407702768264,0.0
400,16755,0.8077244672764001,0.8405206084708546,0.1111111111111111
402,17004,0.8137547074617196,0.8017459896743913,0.0
402,17886,0.8450792567027102,0.8569775084410991,0.14285714285714285
421,14585,0.8135415930512093,0.8402380911103207,0.09090909090909093
424,14585,0.8094415113185645,0.8359595405046935,0.0
429,14585,0.8231307718893249,0.8481589487840936,0.0
436,15842,0.8067773226106366,0.8153387157591974,0.08333333333333333
457,15945,0.8086546952513272,0.8190121859511122,0.0
477,13951,0.8059518018120884,0.8231503128940431,0.0
477,14277,0.8053635211186831,0.8257472384775211,0.09090909090909093
478,14585,0.8174751056756646,0.8394475125553009,0.0
512,14585,0.8006775845984041,0.8264643217172241,0.09090909090909093
519,14585,0.8409621496145042,0.8615162498676784,0.0
529,17004,0.8138306676452571,0.7993157782635508,0.0
532,14585,0.8070355204490502,0.8198499955022077,0.0
570,14585,0.8009520812968194,0.8274013830457956,0.07692307692307693
586,14585,0.8174751056756646,0.8394475125553009,0.0
594,17106,0.8180238194177549,0.8449531160340245,0.0
598,14342,0.8198359679294096,0.8286786139146708,0.05263157894736842
606,5572,0.8022753519738022,0.8069854107916746,0.0
631,16230,0.8210303026113227,0.8381912692051617,0.05882352941176471
637,14585,0.8409621496145042,0.8615162498676784,0.0
642,15298,0.8003102305152601,0.8243437583581297,0.125
642,17106,0.8161430453120714,0.8390640396343287,0.0
646,3381,0.8055514894175831,0.8281701539758437,0.0
647,14277,0.8096491043369166,0.8218309841188128,0.15384615384615385
694,15298,0.8071223764130205,0.8332654304562496,0.1
708,14585,0.8022692736808419,0.8281779173317495,0.0
708,15298,0.8103558320401921,0.8341566343085971,0.1111111111111111
708,17106,0.8027877498576562,0.8288623806093759,0.0
710,15298,0.8090315074982396,0.8315785116483351,0.1111111111111111
711,15298,0.8066950405216303,0.8328197084294237,0.1
713,16230,0.809767027448667,0.8267879581896148,0.05882352941176471
728,17004,0.8031808581993635,0.7848742035026952,0.0
736,16230,0.8090936026799692,0.8266239724450679,0.05882352941176471
744,16230,0.8060449178236562,0.8215811819114848,0.05882352941176471
759,14277,0.8713090834612832,0.879210580604067,0.15384615384615385
768,15298,0.8184997652082983,0.8399374562717393,0.1111111111111111
768,17106,0.8033277038299533,0.8273973454322828,0.0
774,16230,0.8074828478909406,0.8284531515220623,0.05882352941176471
784,15298,0.8083333370004849,0.8275195711395958,0.125
785,15298,0.8157189083648808,0.8417243030746967,0.1
805,89,0.8027611496355559,0.8222427375471533,0.2
805,15298,0.8336400996520533,0.8543915602549701,0.125
806,12922,0.8054132742052301,0.8168974986644824,0.07142857142857142
806,12940,0.8039352254769697,0.8178795196704988,0.0
814,15298,0.8251910027626541,0.8486634411179391,0.1111111111111111
822,15298,0.8012110883839412,0.8270624648445484,0.125
825,14277,0.8114997932447605,0.8186069719969278,0.15384615384615385
828,89,0.8046581937953786,0.8245455558936716,0.08333333333333333
828,15298,0.8093833050988198,0.8333888807184578,0.1111111111111111
832,15298,0.828638220970403,0.8517499536063606,0.1111111111111111
836,15298,0.8435861707172919,0.8626049740593256,0.1111111111111111
841,15298,0.8070897488475425,0.8337394718617653,0.125
847,15298,0.8276036326451529,0.851683708489846,0.1111111111111111
847,17106,0.8166257982010175,0.8453176546754082,0.0
851,17004,0.8137620161257478,0.7947257123950623,0.0
857,15298,0.8101377186575115,0.8231806289449477,0.125
867,15945,0.8055718302244681,0.8316071815642959,0.0
872,15298,0.8009212718581878,0.8207153191624293,0.125
876,17250,0.8174928239157633,0.8349643071142514,0.08333333333333333
879,17106,0.803593574953378,0.8259066111412267,0.0
880,17886,0.8114264306375352,0.8258478360742755,0.1111111111111111
898,17674,0.8026172584856774,0.8227914384736437,0.0
905,15298,0.80413904133755,0.8170694380067514,0.125
906,14585,0.8241797312239668,0.8458170285917103,0.09090909090909093
908,14277,0.8248364819706037,0.8313960001878814,0.15384615384615385
912,14277,0.8921427575419085,0.8970621512158067,0.25
924,14585,0.8191895186852042,0.8315833103801189,0.08333333333333333
932,17674,0.8085379545984849,0.8274356428851162,0.0
934,17886,0.8047107235295352,0.8210001089138963,0.1111111111111111
945,15298,0.8157189083648808,0.8417243030746967,0.1
973,14585,0.8062611141542719,0.8266205941511556,0.09090909090909093
991,15428,0.8006810490820809,0.8005934245016597,0.05263157894736842
1004,15298,0.8025367006505655,0.8257825631119435,0.1111111111111111
1005,14585,0.8251531613384149,0.844089151018355,0.0
1030,14585,0.8062611141542719,0.8266205941511556,0.09090909090909093
1047,14585,0.8022623870680243,0.8299836192637373,0.0
1055,14585,0.8165460877244691,0.8412290083836078,0.07692307692307693
1055,15298,0.8133775295709931,0.8373164780221733,0.1111111111111111
1185,22122,0.8309238718226976,0.8141089550608954,0.14285714285714285
1192,21760,0.853218526593841,0.870087893506873,0.3333333333333333
1196,4130,0.8295202565178421,0.832433431258138,0.16666666666666666
1222,18773,0.8246344103786908,0.824552910329009,0.2857142857142857
1230,18773,0.8075816008724576,0.8075983321987118,0.2857142857142857
1230,22122,0.8087707541465072,0.7937528267753261,0.14285714285714285
1239,22122,0.8001000473282113,0.7745779348149056,0.14285714285714285
1246,4130,0.8603132949734107,0.8624534364525311,0.16666666666666666
1302,15298,0.814179533755307,0.8319236904840449,0.16666666666666666
1350,17106,0.8021304997803044,0.8160071389954778,0.0
1419,10232,0.8255041970889858,0.8301654105536664,0.1
1424,10232,0.8131636403888669,0.8251290203229744,0.1
1432,10232,0.8221738858055413,0.8440541204133768,0.1
1441,15945,0.8024892216147793,0.8229863500404142,0.05555555555555555
1442,22122,0.8471610300649309,0.8489040795831982,0.14285714285714285
1462,14585,0.8149672622929343,0.841995790364527,0.08333333333333333
1477,22122,0.8560449342847002,0.8531546913163411,0.14285714285714285
1484,14585,0.8159096157234337,0.8415120508836559,0.08333333333333333
1506,17938,0.8142266677425484,0.8423372785793717,0.2
1506,18353,0.8023838573072265,0.8339607549994622,0.1111111111111111
1512,14585,0.8125005904546121,0.8333086400939943,0.08333333333333333
1583,15842,0.8519825724431356,0.8597443468807628,0.09090909090909093
1664,9072,0.8035452960250314,0.8036503978377559,0.2
1671,15842,0.8519825724431356,0.8597443468807628,0.09090909090909093
1722,22122,0.8291945527390738,0.8307992605185519,0.3333333333333333
1735,22122,0.8376218390102009,0.8352728291221607,0.3333333333333333
1744,22122,0.8051533075205579,0.812541056876241,0.3333333333333333
1760,18872,0.8033835641901909,0.8230302581596265,0.1111111111111111
1762,22122,0.8332026404274164,0.8402030275586261,0.3333333333333333
1764,17047,0.8189618368689323,0.8310955723257317,0.125
1770,22122,0.8537167035630553,0.8561263128603771,0.3333333333333333
1794,22122,0.8161839295346703,0.8223935293394489,0.3333333333333333
1823,21722,0.8154181412643954,0.8430668661837236,0.1
1825,21907,0.8078943294186233,0.8297515022943229,0.04
1864,12085,0.81854075323603,0.8508635328402253,0.07692307692307693
1898,21735,0.8072115579426588,0.8055344980786462,0.13333333333333333
1939,21819,0.8066855995965154,0.8085625954515359,0.037037037037037035
1970,3901,0.8030460338401685,0.8179158431532679,0.1111111111111111
1976,21713,0.8331136416242717,0.8243293447419596,0.2352941176470588
1976,21819,0.8849337942927058,0.8510712672106027,0.08
1976,21907,0.8035678904152656,0.7912939629415346,0.043478260869565216
1976,22213,0.8011316206866074,0.800983186628895,0.1111111111111111
2104,387,0.811084097579929,0.7837037592627353,0.09090909090909093
2145,9140,0.8164731017236321,0.8257721904056966,0.0625
2145,13288,0.8047618688991021,0.7969978635644732,0.0
2178,11027,0.8317577656658309,0.8441664365956459,0.2
2188,3381,0.8076414510668425,0.8434627347674567,0.0
2191,13101,0.8020560770317687,0.8103238757513027,0.1
2191,14083,0.8186611350555988,0.8063129914734011,0.09090909090909093
2206,14277,0.8339821306925838,0.8261914435683108,0.1
2237,17106,0.8038978241871846,0.8132130176094231,0.0
2269,12617,0.8737496696309239,0.8782252200733603,0.2
2269,17250,0.8480448001380335,0.8563182160462727,0.125
2291,19954,0.8368181738217343,0.8465826266658182,0.16666666666666666
2300,14008,0.8126669843618192,0.8322615398736313,0.25
2301,17250,0.8244963863958101,0.8453630806444886,0.1111111111111111
2310,4681,0.8500798664892752,0.8697365618421354,0.3
2312,19954,0.8100874207397031,0.8286236483752061,0.16666666666666666
2325,1162,0.8047876849172859,0.8117467668991004,0.16666666666666666
2336,17250,0.8347824311086347,0.8337884572436067,0.1111111111111111
2337,14202,0.81713930161635,0.8370631888452782,0.125
2448,9815,0.8005318136341116,0.8279712910704576,0.125
2488,19129,0.8181233717769192,0.8207101588791496,0.25
2549,15070,0.8322130033276232,0.8391401791217964,0.2
2612,6881,0.8106466564473207,0.8560244689335584,0.3333333333333333
2685,19129,0.8435099936688361,0.8628328078555728,0.25
2702,10354,0.8041173138583316,0.8401498443696134,0.1
2710,6881,0.8260725128417518,0.8679827532495387,0.2857142857142857
2710,9815,0.8093490425137497,0.8313166987495492,0.1111111111111111
2739,19129,0.8607931593907422,0.8812843109236985,0.25
2741,3192,0.8136273839065225,0.8351089882067589,0.16666666666666666
2782,600,0.8062649252951729,0.8343633441038375,0.125
2800,19129,0.8019633940205382,0.8584588724120226,0.25
2805,6881,0.8694948341467817,0.8983225603639285,0.4
2917,1554,0.8129546685446093,0.8449204251495062,0.25
2924,6881,0.8186073727264989,0.8615614212966112,0.3333333333333333
2934,10818,0.8074445347891768,0.821801184122782,0.4
3056,19129,0.8056668892695931,0.8538701273775053,0.25
3165,16233,0.8222688421533951,0.8493546506352609,0.2
3195,2013,0.8050246825971401,0.8223117016172905,0.25
3265,1996,0.8097970539547984,0.7883058633438251,0.08333333333333333
3267,17595,0.8288621376126247,0.8456009575289101,0.25
3284,12617,0.8095283780770905,0.8332609455781179,0.3333333333333333
3308,12617,0.8248602539154367,0.8456879299037069,0.3333333333333333
3321,3878,0.8216507991234023,0.8287701790429237,0.3333333333333333
3336,12617,0.8256545933542113,0.84476026243275,0.3333333333333333
3345,17250,0.8018406396819245,0.8255393259845815,0.2222222222222222
3347,14698,0.8010723494685142,0.7795627040820835,0.2
3407,17595,0.8150557320455637,0.8246092414764682,0.25
3409,5362,0.8052497378521476,0.8057859952504365,0.2
3419,18854,0.8136153446903622,0.8363665268925939,0.07692307692307693
3602,14277,0.8010001215133274,0.8227233216669793,0.09090909090909093
3604,21760,0.8007691463950014,0.8202737155326278,0.1
3610,17812,0.8040451454189157,0.8369390862274207,0.2857142857142857
3619,17106,0.8023285475423785,0.8339492545324091,0.0
3623,17106,0.8133347269713773,0.8294814126143405,0.0
3638,17106,0.8128959237304886,0.831331474179827,0.0
3638,21760,0.8115763607577944,0.82994026079422,0.1
3640,17106,0.834548440558149,0.8565456198870741,0.0
3640,21760,0.816325173280137,0.8410604349996291,0.1
3652,17106,0.8115086066826873,0.8421961937113813,0.0
3653,8911,0.8287701126155252,0.8427086019873837,0.0
3658,17106,0.8117324116221618,0.8321124865402959,0.0
3661,11927,0.8192777409602995,0.8599465583246514,0.1
3671,17106,0.8106695678467247,0.8249057098332124,0.0
3693,21760,0.8050916925703914,0.8226482750107947,0.1
3707,21760,0.8132203982723303,0.8363630990744523,0.09090909090909093
3713,17812,0.8164162558626566,0.8523653072045588,0.2857142857142857
3717,17106,0.8017209094127494,0.8298862482525708,0.0
3721,21760,0.8009131518237629,0.8320613882996709,0.09090909090909093
3724,8911,0.8168485427629711,0.8348227829509428,0.0
3727,17106,0.8321423414261181,0.8428077395811395,0.0
3727,21760,0.8049246959040288,0.8180852358600799,0.1
3737,8911,0.8179127459362654,0.8397328646212772,0.0
3753,17812,0.8110472423088564,0.8425484801008607,0.2857142857142857
3756,8911,0.8225749508845566,0.8311910866996011,0.0
3759,17106,0.8099106779719953,0.839939446796251,0.0
3859,10400,0.8003303922669699,0.7847050110535466,0.25
3868,17013,0.8060314872254596,0.8338998705323629,0.16666666666666666
3882,17228,0.8037334518759662,0.8029490232756009,0.1
3894,9984,0.8173333334837877,0.8383098310239254,0.25
3906,14436,0.8034369100079485,0.7648528774812426,0.05882352941176471
3978,12024,0.8043019915032034,0.8566430255701964,0.25
4002,9399,0.8097558267209725,0.8422534083607849,0.08333333333333333
4002,9472,0.8596470315716921,0.8793701463585945,0.16666666666666666
4214,3158,0.8134191353522485,0.8540321047052448,0.125
4214,7591,0.8078844778007999,0.8273899654243426,0.14285714285714285
4215,6881,0.8330224164175468,0.8697781485299579,0.2
4219,19590,0.8490749814664682,0.8634378146371836,0.2
4399,5118,0.8251305844134307,0.8570723518401716,0.16666666666666666
4450,3381,0.828129798388694,0.8454803550867886,0.06666666666666668
4450,17886,0.8064705146765004,0.8231251477043311,0.0
4451,3381,0.8073662867490801,0.8190510615517551,0.0
4475,19129,0.8569073520068861,0.8711283242134669,0.25
4737,162,0.801271749947184,0.8321552430332859,0.4
5116,12024,0.8043019915032034,0.8566430255701964,0.25
5185,5118,0.8251305844134307,0.8570723518401716,0.16666666666666666
5241,19651,0.8191766457311352,0.8202932402709469,0.0625
5342,20297,0.8013136112827709,0.838335238613052,0.05
5366,12884,0.8225465540768131,0.8458602994239064,0.022222222222222227
5366,21666,0.8065177389608271,0.7944978876897937,0.0196078431372549
5366,21667,0.8350347919227649,0.8617895908817353,0.017241379310344827
5366,21669,0.8095682819726117,0.8309661418215184,0.0425531914893617
5366,21713,0.8104546174979484,0.8353939200299795,0.04
5366,21718,0.8185369224434342,0.8375832678643046,0.045454545454545456
5366,21722,0.8073785110462725,0.8357881380686107,0.0851063829787234
5366,21725,0.8066980809254319,0.8339338560142523,0.054545454545454536
5366,21751,0.8240598147977112,0.7984803809154948,0.016666666666666666
5366,21820,0.8012544759778972,0.8363207264353835,0.09803921568627452
5366,21904,0.8137077025913716,0.8275028226352404,0.022727272727272728
5366,22126,0.8431381898059785,0.8602365990383501,0.043478260869565216
5366,22213,0.8416167954786468,0.8546873229874953,0.040816326530612235
5376,21713,0.8167063567689627,0.8116527387397472,0.037037037037037035
5377,21751,0.8068661605993311,0.7871714078055619,0.03571428571428571
5384,5420,0.8096566203660641,0.8187159439248586,0.0
5387,17669,0.8205570397484226,0.8212096368890184,0.09090909090909093
5424,22129,0.8355917257035447,0.845755228766122,0.0625
5531,3434,0.8285103644825951,0.8483732242145249,0.06666666666666668
5543,9301,0.8041267293390628,0.7844833802755502,0.0
5543,13991,0.8001140144433284,0.8052168549590843,0.25
5543,16487,0.8375578357305112,0.8270650193046661,0.02631578947368421
5543,21054,0.806486627121096,0.7642567691429877,0.0
5591,1246,0.806272795638793,0.8537466540623256,0.0
5591,1848,0.8145324825801222,0.8635792750867195,0.028571428571428567
5591,2938,0.813297939838845,0.8396727999984027,0.037037037037037035
5591,6767,0.829188958493929,0.8740018559774009,0.02564102564102564
5591,7275,0.8264682351834195,0.8719726573345247,0.05263157894736842
5606,5420,0.8009161588527497,0.8204822068406641,0.02631578947368421
5611,3381,0.8426943217729803,0.8553888007910889,0.06666666666666668
5612,16487,0.8316061602911485,0.8325429290997056,0.0
5632,21989,0.8090265670634861,0.8115679143098359,0.16666666666666666
5658,3434,0.8052694264911954,0.7875153687176933,0.08333333333333333
5695,16487,0.8199299107164592,0.8616928852163414,0.0
5704,3381,0.8050439021614127,0.8122077700827689,0.05555555555555555
5747,22122,0.8132096292261256,0.8185470114693117,0.4
5767,13360,0.8064657333310471,0.8127550505500383,0.0
5778,18474,0.8008786619539034,0.8187300701275458,0.2222222222222222
5817,19567,0.8107168812857065,0.7575306952594317,0.07142857142857142
5869,14838,0.8100301902117341,0.8174247860597398,0.09090909090909093
5929,3381,0.8132668633929313,0.8220720383893471,0.047619047619047616
5931,3381,0.8043203890653586,0.7982455098563791,0.0
5937,19060,0.8100264761298017,0.8151568721804429,0.0
5977,4776,0.8015592265573039,0.8219418926070755,0.15384615384615385
5999,21988,0.8137076199391681,0.8147922202497726,0.2
6000,21988,0.8006358212656013,0.7953664892442678,0.15384615384615385
6047,16880,0.8257345909894352,0.8434411030568288,0.07692307692307693
6047,19579,0.8279812817604612,0.8354153607912564,0.10526315789473684
6047,21696,0.8067660010809281,0.8261348975820292,0.08333333333333333
6047,22032,0.8067660010809281,0.8261348975820292,0.08333333333333333
6087,3035,0.8377416219894417,0.8320300623510422,0.4
6096,1996,0.8232037108744271,0.8190460196701387,0.2
6190,21989,0.8086696206910139,0.7877786007577056,0.16666666666666666
6230,21989,0.8005138194350835,0.7719495637345859,0.2
6248,8126,0.8084394317660297,0.7864666323845381,0.16666666666666666
6276,19311,0.8055354800055811,0.8268025927431595,0.06666666666666668
6285,21989,0.8005138194350835,0.7719495637345859,0.2
6309,12350,0.820065714347236,0.8467691779235208,0.25
6334,17106,0.8470147320148637,0.8530649244113795,0.125
6337,10232,0.8165562703452138,0.8611289951459825,0.1111111111111111
6352,6534,0.8085212541764553,0.8246211372898533,0.0625
6365,4026,0.8107314305664806,0.8240735768219934,0.2
6383,3434,0.8018067800542483,0.7926324875380495,0.1111111111111111
6390,18546,0.803260934167749,0.8070427025816592,0.14285714285714285
6393,22122,0.8186407838027995,0.8252783588437019,0.2857142857142857
6441,12884,0.8335471258173717,0.8245831076745989,0.1111111111111111
6441,21666,0.8144211700976659,0.8188348535573788,0.04
6441,21667,0.8165613933986524,0.798592237147052,0.03125
6441,21713,0.8238021701753286,0.8156407331822151,0.08333333333333333
6441,21735,0.8202814665338459,0.8066487179013451,0.09523809523809523
6441,21751,0.8311706570078521,0.8339857979391473,0.029411764705882356
6441,21819,0.8284170401031262,0.8008275613590039,0.10344827586206896
6441,21904,0.8110008971178805,0.8116645514380336,0.1176470588235294
6441,21907,0.8293040244710541,0.8147629207886874,0.03571428571428571
6441,22403,0.8180830842416231,0.8027703045206032,0.05555555555555555
6442,21713,0.8251167165569243,0.7969659728945694,0.043478260869565216
6442,21819,0.8303820950576136,0.7752481487366175,0.03448275862068965
6443,13099,0.8110059268641686,0.8181601852834552,0.0
6443,13125,0.8020425988185902,0.8203724334079143,0.0
6443,14093,0.8051984215671947,0.8109488296481544,0.0
6447,20939,0.8260155366349987,0.8337227600452853,0.047619047619047616
6461,2126,0.81089625515691,0.815114684633308,0.0625
6489,22277,0.8515205232080814,0.8816504392451904,0.6666666666666666
6496,15492,0.8268790835388807,0.8444322229747071,0.0
6499,17669,0.8006951117402537,0.8156937264627778,0.125
6535,14284,0.8103647689887294,0.8329714061945224,0.03571428571428571
6575,17106,0.8038022637461688,0.8208711108682155,0.09090909090909093
6582,10232,0.8165562703452138,0.8611289951459825,0.1111111111111111
6601,9301,0.8041267293390628,0.7844833802755502,0.0
6601,13991,0.8001140144433284,0.8052168549590843,0.25
6601,16487,0.8375578357305112,0.8270650193046661,0.02631578947368421
6601,21054,0.806486627121096,0.7642567691429877,0.0
6632,14698,0.8110796145483697,0.8237549902378382,0.0
6635,14454,0.8229535457739905,0.8277621597462133,0.05555555555555555
6658,1350,0.8216624312003662,0.8247212890489661,0.2
6664,15856,0.8196667814911128,0.8267766097998931,0.1176470588235294
6691,19670,0.8062551419029532,0.8548460771086983,0.1
6692,14551,0.8017701337224499,0.8209375306430113,0.1
6701,2421,0.8470465313943414,0.8471372312655209,0.08333333333333333
6702,14328,0.8190792738454923,0.8181370411800369,0.3636363636363637
6703,14328,0.8230763383291915,0.8182574163230251,0.3076923076923077
6720,6951,0.8177056178516547,0.8484277217473988,0.2
6729,9884,0.8196243531191164,0.8637507136810899,0.05
6748,2709,0.8020261087511915,0.8086227269066453,0.1
6748,4033,0.8096708873309109,0.8194009932001027,0.09090909090909093
6748,13113,0.8222183519677864,0.7775888086193489,0.05555555555555555
6749,1735,0.8012603049278931,0.757810853733602,0.05263157894736842
6749,6083,0.8253958513715913,0.8255437322979057,0.0
6749,14704,0.8160272019238333,0.8158372587052679,0.06666666666666668
6752,21666,0.8725237809837281,0.8601992277282309,0.05263157894736842
6752,21672,0.8005181593418741,0.7805172526155494,0.07692307692307693
6752,21751,0.8042824198103488,0.7977563209302174,0.03571428571428571
6753,21666,0.8816515092241793,0.8824003803720841,0.043478260869565216
6753,21667,0.8016697894182986,0.7728664872528563,0.03333333333333333
6753,21713,0.8055817893501189,0.7888882969283649,0.043478260869565216
6753,21751,0.8313144954305971,0.8334874169511512,0.03125
6753,21752,0.8191724127451274,0.8064925910569785,0.047619047619047616
6757,11018,0.8364511295501239,0.8882336898697243,0.1111111111111111
6760,8957,0.8602564568827064,0.8638603371083237,0.2222222222222222
6769,13448,0.8010607536288717,0.8272577860838922,0.08333333333333333
6793,18773,0.8054190821445862,0.8053163175076693,0.16666666666666666
6826,15492,0.8046425482781998,0.8200936352131578,0.05882352941176471
6830,7710,0.8047317938313114,0.81628394936822,0.16666666666666666
6845,3129,0.8052244235215048,0.8321494202279497,0.16666666666666666
6861,22122,0.8047509967922923,0.813392541916877,0.25
6866,17293,0.8205731443108983,0.8745605828862241,0.1875
6922,10232,0.8165562703452138,0.8611289951459825,0.1111111111111111
6938,8957,0.8233659480867555,0.8477491134164122,0.1176470588235294
6938,19261,0.8027909211966774,0.8291871160595762,0.09090909090909093
6939,307,0.8284767282511879,0.8477759683278441,0.2857142857142857
6939,6343,0.8687535634812892,0.8810644615764366,0.2
6939,19696,0.8256661954020685,0.8462363508983409,0.17647058823529413
6939,20939,0.8155677808639367,0.8375523443540174,0.10526315789473684
6945,17250,0.8162349622120817,0.8347178394405673,0.08333333333333333
6952,21816,0.8039696999539094,0.8251088264986175,0.03225806451612903
6952,21819,0.8140279132014662,0.8335982503762308,0.10344827586206896
6952,21907,0.8328119789931742,0.8516002771227154,0.03571428571428571
6955,22122,0.8074988795671005,0.8121832070571681,0.3333333333333333
6980,17792,0.8085745493890808,0.8294218161079476,0.125
6982,16487,0.8023523382091747,0.8206375791945665,0.024390243902439025
7003,5420,0.8132063555456619,0.8419387165917814,0.014705882352941175
7007,1008,0.8069205162754204,0.8417312659620101,0.09090909090909093
7032,14184,0.8104292153893,0.8142280223802449,0.05882352941176471
7048,6676,0.8052997568353039,0.8218979136306794,0.25
7077,16410,0.8130712359587136,0.7944029339330506,0.1111111111111111
7120,13360,0.8064657333310471,0.8127550505500383,0.0
7144,12884,0.8120071831603278,0.8145990906935254,0.07142857142857142
7144,21904,0.8179879066300871,0.8248762266574694,0.07692307692307693
7144,22403,0.8017482412013743,0.8000993804457712,0.16666666666666666
7145,12884,0.8268487938949951,0.8482512537289622,0.043478260869565216
7145,21713,0.8209104856386283,0.8430030248269562,0.03448275862068965
7145,21816,0.8015501172626955,0.8294178229162003,0.028571428571428567
7145,21904,0.8135355242313415,0.8292242075640929,0.045454545454545456
7166,5420,0.8012518771010145,0.81816780014413,0.023809523809523808
7183,15751,0.8238912536267147,0.8509359874312307,0.0625
7199,3593,0.8079170914885284,0.8143269784345873,0.125
7199,8176,0.8293695984907168,0.8308694775613042,0.09090909090909093
7204,9301,0.8041267293390628,0.7844833802755502,0.0
7204,13991,0.8001140144433284,0.8052168549590843,0.25
7204,16487,0.8375578357305112,0.8270650193046661,0.02631578947368421
7204,21054,0.806486627121096,0.7642567691429877,0.0
7215,16794,0.8101474416406851,0.8351071747403237,0.1111111111111111
7231,22122,0.8096815948977627,0.7873456041814949,0.14285714285714285
7235,13113,0.8019704726320307,0.8258804536340607,0.027027027027027032
7255,19652,0.8276152316394184,0.8420507906731921,0.05882352941176471
7264,10718,0.8546130027128824,0.8678402117726456,0.16666666666666666
7268,10348,0.8355075071963535,0.854128712713739,0.25
7268,16803,0.8271674214123768,0.8420786949507679,0.13333333333333333
7268,16917,0.8079089218772159,0.8305823444831236,0.06666666666666668
7269,34,0.8296653343989454,0.8674568371373914,0.038461538461538464
7269,639,0.8103580939582048,0.8564820852603637,0.028571428571428567
7269,640,0.8151395956844082,0.8237487019517751,0.03571428571428571
7269,1327,0.8276122426512599,0.7862320702673388,0.045454545454545456
7269,2045,0.8102613679499744,0.8406002384167696,0.09090909090909093
7269,2099,0.8010291895560471,0.8409378936737235,0.03448275862068965
7269,2113,0.8434185717191989,0.8528138903355688,0.038461538461538464
7269,2115,0.8018961200647405,0.8405649342650419,0.03125
7269,2148,0.8485733343812887,0.8774333360160669,0.16129032258064516
7269,2153,0.8339837519944767,0.8741199079492614,0.06666666666666668
7269,2836,0.8035504613635917,0.8288204245163721,0.060606060606060615
7269,5436,0.8288331607995286,0.8513481782359626,0.03333333333333333
7269,8200,0.8039997989130758,0.8521870106897117,0.03571428571428571
7269,8254,0.8047578849641295,0.8445156178901991,0.06666666666666668
7269,11020,0.8098753689642227,0.8456554850303567,0.07407407407407407
7269,13117,0.8685345835259534,0.8994404957087256,0.21428571428571427
7269,13555,0.8038451562057601,0.8302184585764826,0.07692307692307693
7269,19248,0.8161285298131837,0.8493808573264374,0.06666666666666668
7269,19255,0.8288757422544801,0.8663582132578647,0.07142857142857142
7269,19338,0.8380268640126691,0.8771125778712056,0.07894736842105263
7269,19366,0.8659938247183435,0.8962699579831682,0.06521739130434782
7269,19411,0.8188203124730985,0.8409651300580095,0.04
7269,19443,0.8202937828647078,0.8254061653911385,0.13043478260869565
7269,19461,0.8390192764951494,0.8745612935291891,0.0975609756097561
7269,19475,0.8492902490452744,0.8761941403391006,0.07692307692307693
7269,19786,0.8237516307408641,0.8604590587685944,0.08333333333333333
7269,19995,0.8238406565723858,0.8637547088864813,0.10344827586206896
7269,20024,0.8536689785968287,0.8868514960916412,0.10714285714285714
7269,20036,0.8213117951298,0.8331164363851173,0.06451612903225806
7269,20680,0.8109841289247052,0.8256712595547216,0.038461538461538464
7269,20871,0.8394990060258612,0.8567046280943261,0.054054054054054064
7269,20898,0.8573624702268389,0.8731539925233209,0.04
7269,20931,0.8526488775626762,0.8725759861258658,0.037037037037037035
7277,13288,0.8095128295222392,0.849049659302655,0.0
7277,19416,0.8090817803595151,0.8345363151555488,0.0625
7298,14342,0.8043511136541416,0.7752830866303322,0.0
7305,11183,0.826163951401249,0.740716205947806,0.25
7305,12620,0.8387590869971605,0.8109358010797952,0.3333333333333333
7309,19872,0.8375937612433616,0.8439363597373831,0.2
7310,4026,0.838544662502721,0.8517188485894105,0.1
7323,12350,0.8836823852226077,0.905253904644192,0.6666666666666666
7372,3381,0.8006272358244974,0.8394197313621936,0.0
7393,5420,0.8038771578312484,0.8366978483970423,0.0
7393,13125,0.8006407230432934,0.8358687786473371,0.06666666666666668
7425,17106,0.8028064798352633,0.8349321549450683,0.07692307692307693
7431,6534,0.8202259011420298,0.8394459519540164,0.07142857142857142
7432,17004,0.8187473518631733,0.8666045024449198,0.10526315789473684
7437,9957,0.8275221432453143,0.8516143805882262,0.05555555555555555
7437,19150,0.8140447676276653,0.8445245912975318,0.05
7437,21696,0.8081779304990027,0.8297796828643341,0.25
7437,22032,0.8081779304990027,0.8297796828643341,0.25
7441,8506,0.8091838056122518,0.8436119128105225,0.15384615384615385
7445,16487,0.8520790748393435,0.8431425654603277,0.023809523809523808
7462,16487,0.8316061602911485,0.8325429290997056,0.0
7477,4259,0.8033839329927213,0.7924485063717649,0.0
7485,4259,0.8086189191100621,0.8371681671988859,0.09090909090909093
7485,16487,0.8066612691477314,0.833296423435837,0.05263157894736842
7490,5420,0.8070531706311881,0.835074173363299,0.02564102564102564
7495,16487,0.818476755756105,0.7756448176036678,0.047619047619047616
7495,21666,0.8658970654916592,0.8695427008227429,0.0
7495,21667,0.8041159675896544,0.7923948268744814,0.03125
7495,21713,0.8024846705258534,0.799858203303387,0.0
7495,21816,0.8253499684507242,0.8040627685263109,0.0
7495,21819,0.8157077436107292,0.7952540331691864,0.03225806451612903
7514,14328,0.8031401533880385,0.8199841086126339,0.2727272727272727
7527,11741,0.8010824474195887,0.7982884282957171,0.18181818181818185
7555,19311,0.8183563417395783,0.8360496616326715,0.05263157894736842
7558,4473,0.808262464029037,0.8292370533300536,0.1176470588235294
7560,17674,0.8144004139880267,0.834240566861057,0.0
7584,5260,0.8051475645824739,0.8074559456400461,0.125
7594,14347,0.8125839997944675,0.8039508850518491,0.1
7613,20020,0.807478108036187,0.8000379204995307,0.16666666666666666
7673,3476,0.8018515985054793,0.8314185538480668,0.07692307692307693
7673,11018,0.8132758901417106,0.8352003162452656,0.15384615384615385
7673,16796,0.8168909956486109,0.8440270631112721,0.125
7673,19899,0.8058118254043726,0.8331408004092921,0.3333333333333333
7673,20842,0.8722536185930951,0.8881416213345736,0.15384615384615385
7673,22306,0.8114261721826436,0.8320002265076859,0.125
7702,8506,0.8263815527727586,0.8521591494583332,0.06666666666666668
7708,4895,0.8349352385698628,0.8581846767166345,0.1
7717,14083,0.8226512637848009,0.8176055202617608,0.1
7729,14328,0.8369671491526907,0.8515342337424993,0.3333333333333333
7730,14328,0.8428894410893346,0.8569129964730678,0.2307692307692308
7765,19311,0.8127978017930371,0.8336165787981027,0.18181818181818185
7789,7719,0.8079902829197034,0.8271101452574462,0.07692307692307693
7806,22122,0.8097128257881928,0.8017170500635509,0.16666666666666666
7821,21124,0.8092572962388508,0.8089979034644685,0.2857142857142857
7823,12617,0.8156606911953911,0.8091555904250475,0.14285714285714285
7824,42,0.8077917194323709,0.8274185253751241,0.0
7828,6083,0.8109665071843658,0.8087191346200557,0.0
7841,736,0.8148905221927142,0.8120202643542358,0.04
7865,18544,0.8229022180926925,0.8378164506935336,0.0
7891,1712,0.8097221498061671,0.8153891164226458,0.0
7908,14584,0.8004532675501699,0.8203651607756404,0.16666666666666666
7945,13448,0.8085329291258817,0.8342734200844875,0.0
7945,16487,0.8051296514118633,0.8511201528296722,0.0
7946,11471,0.8100699847169821,0.8271590748319836,0.125
7959,9884,0.8635185451546059,0.8943958468416103,0.08333333333333333
7959,21474,0.8380929574444276,0.8789588411928994,0.09523809523809523
7959,21593,0.8163971341524985,0.8453656362833413,0.045454545454545456
7966,14328,0.8271311408875777,0.8421333622617487,0.3
8010,6113,0.8088157163593587,0.7959806915966144,0.0
8010,9096,0.8126933777548214,0.8225206835447273,0.15384615384615385
8010,16487,0.8227136391847323,0.8088255488754025,0.02564102564102564
8013,1162,0.8194915762211494,0.8268905864106042,0.1111111111111111
8029,426,0.8036894277498432,0.8114856508988648,0.16666666666666666
8038,14698,0.8205437133013413,0.8365489739355931,0.0
8042,387,0.8478890220648413,0.850173301924216,0.16666666666666666
8042,13249,0.8135706851433129,0.8185115869395768,0.08333333333333333
8042,13360,0.8075003787600054,0.8152932864552764,0.1111111111111111
8043,14946,0.8003760043233358,0.8259184678892608,0.04
8043,16487,0.8385804156386176,0.8542223318247296,0.022222222222222227
8043,17004,0.8106422488342326,0.8267648259022699,0.0
8043,21819,0.8036454467192563,0.8308793764691953,0.030303030303030307
8044,13331,0.8041147408231959,0.8450600389805634,0.0
8044,17004,0.8329826924605124,0.867240511320297,0.05
8077,15838,0.8334926401363272,0.8383393472264609,0.2
8079,426,0.8299348002582928,0.8422679907683083,0.2307692307692308
8103,19329,0.8475326263062513,0.877252180779994,0.25
8107,13288,0.8008322193362949,0.7787131198000913,0.08333333333333333
8126,4895,0.8199385413087505,0.8419892114327092,0.0625
8139,2554,0.8141083161292317,0.8160472371699149,0.125
8139,4273,0.8550707110393218,0.8593245593885488,0.14285714285714285
8139,4278,0.8300408317375997,0.8415015792834513,0.09090909090909093
8139,4279,0.8286122581161499,0.8555248630685464,0.0625
8139,5259,0.8226786480435817,0.867542344742249,0.13043478260869565
8139,19360,0.8430630591864163,0.8766361652464146,0.15
8152,17792,0.8172178766049852,0.8260982690237036,0.16666666666666666
8164,15814,0.8098928726582449,0.8639954123530866,0.26666666666666666
8169,1240,0.8052018780297917,0.8218727526402246,0.15384615384615385
8175,17005,0.8004380095752723,0.7995964060733738,0.04166666666666666
8196,13124,0.8075374823290096,0.8085178380961932,0.0
8196,16487,0.8419663456863856,0.8377059971339859,0.024390243902439025
8231,12884,0.8112790452372003,0.8243424129749458,0.13333333333333333
8231,21816,0.818357656620154,0.8231042881325479,0.07407407407407407
8235,17250,0.8016682363653955,0.8255939822982497,0.0
8236,3901,0.8451934907248047,0.8282419392976558,0.4
8240,19651,0.8191766457311352,0.8202932402709469,0.0625
8249,21751,0.8159863530912503,0.7869888073636603,0.038461538461538464
8251,20297,0.8014332549010539,0.7522684637359194,0.0625
8251,21965,0.8259037498273112,0.8138927302922242,0.14285714285714285
8251,21989,0.8571882646007888,0.8576324391247344,0.25
8251,22297,0.8049372673809826,0.7864173156468861,0.2
8252,21989,0.8066786386022999,0.8069865486472364,0.2
8269,16487,0.8309273255604678,0.8652143729092768,0.0
8282,21713,0.8298462605337655,0.8088371709558554,0.08695652173913042
8282,21819,0.8268154024704081,0.7820889446270779,0.06896551724137931
8285,2126,0.81089625515691,0.815114684633308,0.0625
8296,22277,0.8515205232080814,0.8816504392451904,0.6666666666666666
8300,15492,0.8176683370614151,0.8435092987174848,0.0
8351,14698,0.815848705427499,0.8251443037987347,0.0
8354,14454,0.8248435922213871,0.8291373692739744,0.05555555555555555
8400,8957,0.8118337301979086,0.8212778256136098,0.09090909090909093
8400,19261,0.8010688030733971,0.8134541592872229,0.0625
8406,21666,0.8725237809837281,0.8601992277282309,0.05263157894736842
8406,21672,0.8005181593418741,0.7805172526155494,0.07692307692307693
8406,21751,0.8042824198103488,0.7977563209302174,0.03571428571428571
8409,21599,0.8093350689519669,0.8001563776233221,0.0
8423,15492,0.8082873695037597,0.8225585196303367,0.05882352941176471
8432,13448,0.8010607536288717,0.8272577860838922,0.08333333333333333
8438,21666,0.8816515092241793,0.8824003803720841,0.043478260869565216
8438,21667,0.8016697894182986,0.7728664872528563,0.03333333333333333
8438,21713,0.8055817893501189,0.7888882969283649,0.043478260869565216
8438,21751,0.8313144954305971,0.8334874169511512,0.03125
8438,21752,0.8191724127451274,0.8064925910569785,0.047619047619047616
8439,8957,0.8602564568827064,0.8638603371083237,0.2222222222222222
8445,1735,0.8012603049278931,0.757810853733602,0.05263157894736842
8445,6083,0.8253958513715913,0.8255437322979057,0.0
8445,14704,0.8160272019238333,0.8158372587052679,0.06666666666666668
8446,11018,0.8364511295501239,0.8882336898697243,0.1111111111111111
8460,17250,0.8162349622120817,0.8347178394405673,0.08333333333333333
8483,14184,0.8024160559252866,0.8096242016324409,0.05555555555555555
8485,17792,0.8085745493890808,0.8294218161079476,0.125
8490,16487,0.8023523382091747,0.8206375791945665,0.024390243902439025
8494,16410,0.8130712359587136,0.7944029339330506,0.1111111111111111
8515,12884,0.8120071831603278,0.8145990906935254,0.07142857142857142
8515,21904,0.8179879066300871,0.8248762266574694,0.07692307692307693
8515,22403,0.8017482412013743,0.8000993804457712,0.16666666666666666
8516,12884,0.8325710772545204,0.8477162642817365,0.043478260869565216
8516,21713,0.8274255217220261,0.8430983856137209,0.03448275862068965
8516,21816,0.8023335761747392,0.8167857327741395,0.028571428571428567
8516,21904,0.8249313851857526,0.8389136424748098,0.045454545454545456
8535,1,0.8059474042795761,0.8320408935881671,0.2222222222222222
8544,3593,0.8079170914885284,0.8143269784345873,0.125
8544,8176,0.8293695984907168,0.8308694775613042,0.09090909090909093
8594,13113,0.8019704726320307,0.8258804536340607,0.027027027027027032
8596,19652,0.8276152316394184,0.8420507906731921,0.05882352941176471
8599,34,0.8136539989956805,0.8576630704899948,0.0
8599,2045,0.806725434555354,0.8318011248185875,0.07407407407407407
8599,2113,0.8101941685152558,0.8114698600084594,0.0
8599,2153,0.8003222490760034,0.8593001772799681,0.08695652173913042
8599,5436,0.8426083057904056,0.8525528857610899,0.0
8599,13117,0.8659412624790181,0.9014362312005836,0.2272727272727273
8599,13555,0.8122222899054037,0.8281712707299262,0.05
8599,19255,0.8294628195209173,0.8681787932112085,0.045454545454545456
8599,19338,0.8261183381162717,0.8800906065873787,0.0625
8599,19362,0.8012218843678404,0.7958698781819281,0.0
8599,19366,0.8277289971361014,0.8695535061316174,0.05
8599,19378,0.8012218843678404,0.7958698781819281,0.0
8599,19393,0.8139403060440153,0.8137493667373741,0.10526315789473684
8599,19411,0.8476868955612099,0.8533204237119034,0.0
8599,19443,0.8248039317465132,0.8117908903303931,0.1176470588235294
8599,19475,0.8162307541147487,0.8458981558854888,0.05
8599,19656,0.8036640001433403,0.8378029763766044,0.0
8599,19768,0.8293186762228754,0.8700390489829031,0.043478260869565216
8599,19786,0.8074673048718926,0.8480860910833865,0.05555555555555555
8599,19995,0.8180107761506608,0.8627456917239544,0.08695652173913042
8599,20024,0.8235366288097284,0.8813887638157598,0.09090909090909093
8599,20871,0.806960380696021,0.8196855512807616,0.03225806451612903
8599,20898,0.8148426375211982,0.8284844844532725,0.0
8599,20931,0.8392869241236084,0.8526491842155436,0.0
8602,13288,0.8095128295222392,0.849049659302655,0.0
8602,19416,0.8090817803595151,0.8345363151555488,0.0625
8605,11183,0.826163951401249,0.740716205947806,0.25
8605,12620,0.8387590869971605,0.8109358010797952,0.3333333333333333
8637,3381,0.800081382846861,0.8387002143069144,0.0
8656,6534,0.8284346720989477,0.8478750877842397,0.06666666666666668
8657,17004,0.8109586117754507,0.8603616342867267,0.1
8664,16487,0.8515443940811539,0.8298551247832479,0.024390243902439025
8683,17106,0.8028064798352633,0.8349321549450683,0.07692307692307693
8684,8506,0.8091838056122518,0.8436119128105225,0.15384615384615385
8700,4259,0.8179047290413628,0.8425476839949382,0.08695652173913042
8700,16487,0.8248897610381323,0.8424910349556064,0.05128205128205128
8714,14311,0.8082758572034873,0.8655355891163677,0.016666666666666666
8716,13177,0.8009064325566919,0.8038766412596852,0.05882352941176471
8768,19311,0.8165764944721762,0.83686799686272,0.05
8778,18544,0.8229022180926925,0.8378164506935336,0.0
8790,13448,0.8085329291258817,0.8342734200844875,0.0
8790,16487,0.8051296514118633,0.8511201528296722,0.0
8801,6113,0.8146567964036547,0.7930075571314672,0.0
8801,9096,0.8053160493564742,0.8116962228271,0.14285714285714285
8801,16487,0.8335955272124002,0.8102680926736759,0.025
8807,387,0.8478890220648413,0.850173301924216,0.16666666666666666
8807,13249,0.8135706851433129,0.8185115869395768,0.08333333333333333
8807,13360,0.8075003787600054,0.8152932864552764,0.1111111111111111
8843,11471,0.8100699847169821,0.8271590748319836,0.125
8845,9884,0.8635185451546059,0.8943958468416103,0.08333333333333333
8845,21474,0.8380929574444276,0.8789588411928994,0.09523809523809523
8845,21593,0.8163971341524985,0.8453656362833413,0.045454545454545456
8850,387,0.8102816854769692,0.8426498869934176,0.05
8850,13249,0.8000749510964498,0.8354829011777359,0.1111111111111111
8851,8514,0.8124619943880587,0.8324636865028643,0.16666666666666666
8865,17004,0.8089576181209588,0.8538580444475901,0.05263157894736842
8868,13124,0.8157184727783136,0.8406767976560585,0.0
8876,17004,0.8222021925287397,0.8661818486977312,0.028571428571428567
8879,15814,0.8078581301183545,0.8591660061591458,0.25
8894,426,0.8036894277498432,0.8114856508988648,0.16666666666666666
8901,12884,0.8378047473916129,0.8525180892580693,0.15384615384615385
8901,21713,0.8179345785059907,0.8346796198817509,0.05
8901,21816,0.814638929106239,0.8275723555993053,0.08
8901,21904,0.8128719082055691,0.8278606015030268,0.07692307692307693
8935,13113,0.8148665047070246,0.7856889281324771,0.028571428571428567
8940,7710,0.8047317938313114,0.81628394936822,0.16666666666666666
8945,3129,0.8052244235215048,0.8321494202279497,0.16666666666666666
8960,22122,0.8361067156165308,0.8374789370846311,0.4
8964,1712,0.8084980965532487,0.82496951462763,0.0
8964,18544,0.8230920456240391,0.8386116673567471,0.16666666666666666
8967,21816,0.8039696999539094,0.8251088264986175,0.03225806451612903
8967,21819,0.8140279132014662,0.8335982503762308,0.10344827586206896
8967,21907,0.8328119789931742,0.8516002771227154,0.03571428571428571
8974,1008,0.8069205162754204,0.8417312659620101,0.09090909090909093
8990,10348,0.8212545508137381,0.8370862444120378,0.3333333333333333
8990,16803,0.8106720826989777,0.8259817535125962,0.07142857142857142
8993,18584,0.8108367302639689,0.8101311054233511,0.0
9003,9957,0.8275221432453143,0.8516143805882262,0.05555555555555555
9003,19150,0.8140447676276653,0.8445245912975318,0.05
9003,21696,0.8081779304990027,0.8297796828643341,0.25
9003,22032,0.8081779304990027,0.8297796828643341,0.25
9006,2985,0.8336305121410555,0.8252239242013205,0.15384615384615385
9006,20914,0.8014366427586798,0.8157983740288541,0.07142857142857142
9008,5420,0.8070531706311881,0.835074173363299,0.02564102564102564
9019,14328,0.8369671491526907,0.8515342337424993,0.3333333333333333
9029,14328,0.8428894410893346,0.8569129964730678,0.2307692307692308
9077,14083,0.8226512637848009,0.8176055202617608,0.1
9104,17669,0.806508787791014,0.8078484230187957,0.1111111111111111
9143,5420,0.8038771578312484,0.8366978483970423,0.0
9143,13125,0.8006407230432934,0.8358687786473371,0.06666666666666668
9159,14328,0.8271311408875777,0.8421333622617487,0.3
9166,4130,0.8020670590366239,0.7994171187650182,0.05555555555555555
9185,14342,0.8043511136541416,0.7752830866303322,0.0
9215,14698,0.8205437133013413,0.8365489739355931,0.0
9218,1162,0.8194915762211494,0.8268905864106042,0.1111111111111111
9272,8957,0.8018716887635793,0.8354666917762605,0.14285714285714285
9283,14584,0.8004532675501699,0.8203651607756404,0.16666666666666666
9303,22122,0.8097128257881928,0.8017170500635509,0.16666666666666666
9307,1712,0.8097221498061671,0.8153891164226458,0.0
9324,14328,0.8378311489290623,0.8522819373939781,0.3
9330,8957,0.8233659480867555,0.8477491134164122,0.1176470588235294
9330,19261,0.8027909211966774,0.8291871160595762,0.09090909090909093
9331,307,0.8284767282511879,0.8477759683278441,0.2857142857142857
9331,6343,0.8687535634812892,0.8810644615764366,0.2
9331,19696,0.8256661954020685,0.8462363508983409,0.17647058823529413
9331,20939,0.8155677808639367,0.8375523443540174,0.10526315789473684
9340,5260,0.8051475645824739,0.8074559456400461,0.125
9371,2554,0.8141083161292317,0.8160472371699149,0.125
9371,4273,0.8550707110393218,0.8593245593885488,0.14285714285714285
9371,4278,0.8300408317375997,0.8415015792834513,0.09090909090909093
9371,4279,0.8286122581161499,0.8555248630685464,0.0625
9371,5259,0.8226786480435817,0.867542344742249,0.13043478260869565
9371,19360,0.8430630591864163,0.8766361652464146,0.15
9377,426,0.8260338670383968,0.82558499160301,0.2307692307692308
9383,16487,0.8012402498955487,0.809097783112846,0.0
9399,14328,0.8190792738454923,0.8181370411800369,0.3636363636363637
9403,17293,0.8205731443108983,0.8745605828862241,0.1875
9418,15058,0.8180848340901342,0.8322252742078741,0.25
9422,10717,0.8109728994364959,0.8342837309174695,0.1111111111111111
9426,13036,0.8135130028635883,0.851311886059462,0.13333333333333333
9426,13101,0.8306442937733333,0.8640872708937544,0.09090909090909093
9522,639,0.8282115867375804,0.8408113059864479,0.03571428571428571
9522,2113,0.845800045690558,0.8616184412699075,0.05263157894736842
9522,2115,0.8030894493445694,0.8282496040835425,0.04
9522,5436,0.8167535855030532,0.8390242388677325,0.043478260869565216
9522,8254,0.8141052480695333,0.8373277991737199,0.08695652173913042
9522,11003,0.8086210792704768,0.8284105866868949,0.038461538461538464
9522,19248,0.8130768978613314,0.8369070549422116,0.05128205128205128
9522,19255,0.8348354329144543,0.8534797177429481,0.09523809523809523
9522,19338,0.8075800508102859,0.8208864395350827,0.0625
9522,19366,0.8565114822906809,0.8703873165647777,0.05
9522,19411,0.8095548795059823,0.8321483961737098,0.05555555555555555
9522,19413,0.8012717516349195,0.8259067427619118,0.043478260869565216
9522,19461,0.8236055717443509,0.8206714662873097,0.05555555555555555
9522,19475,0.8102739982016605,0.8345005887616599,0.05
9522,19995,0.8066849981177329,0.8290795456772879,0.08695652173913042
9522,20680,0.8110924384204908,0.8305888782654895,0.05263157894736842
9522,20898,0.8329929631415914,0.8529018182496733,0.05555555555555555
9522,20931,0.8127736607361282,0.8359178841386958,0.05
9588,9884,0.8041331208257495,0.8347974032527624,0.05882352941176471
9588,21077,0.8139865010639596,0.8431701163602834,0.14285714285714285
9596,14284,0.8103647689887294,0.8329714061945224,0.03571428571428571
9601,16416,0.8312852757928896,0.8486189286563216,0.08333333333333333
9638,10718,0.8546130027128824,0.8678402117726456,0.16666666666666666
9647,3381,0.8001532900706488,0.8251274885177017,0.0
9647,4149,0.8044821908651127,0.8101295067880055,0.0
9647,5420,0.8257866238263186,0.8472235694954114,0.0
9647,8911,0.8047894996552232,0.8289764138693752,0.0
9647,13360,0.8011566991791678,0.8047649324136639,0.0
9647,14151,0.8071844815070438,0.8109356191585761,0.017241379310344827
9647,14946,0.8165344524098224,0.8385219176398897,0.017857142857142856
9647,16487,0.8600618213366922,0.8667200330658159,0.040540540540540536
9647,17674,0.8113786784166346,0.8309834633759058,0.0
9647,17735,0.8025325827748172,0.8266699251949908,0.0
9647,21816,0.8024823668560684,0.8266806685777981,0.0
9652,17674,0.8144004139880267,0.834240566861057,0.0
9657,13125,0.8199626979734033,0.8101119305773473,0.0625
9784,20297,0.8013136112827709,0.838335238613052,0.05
9823,17048,0.8127087449969975,0.8605534551437884,0.027027027027027032
9856,3434,0.8189339604547059,0.8402042289818874,0.07142857142857142
9866,5420,0.8249270998870407,0.8390015177712591,0.0
9875,20293,0.8080536062597495,0.7564270800829787,0.015384615384615384
9902,3381,0.80692071654122,0.8226956490530324,0.0
9902,5420,0.8086173516727395,0.8248370622399911,0.0
9903,5420,0.8009161588527497,0.8204822068406641,0.02631578947368421
9904,22122,0.8202947666905842,0.8174590556389149,0.2857142857142857
9913,21989,0.8090265670634861,0.8115679143098359,0.16666666666666666
9916,3381,0.8426943217729803,0.8553888007910889,0.06666666666666668
9943,14647,0.8055526387300411,0.8346263332309568,0.08695652173913042
9976,19567,0.8107168812857065,0.7575306952594317,0.07142857142857142
10000,3381,0.8050439021614127,0.8122077700827689,0.05555555555555555
10057,3381,0.8468760487483922,0.8526087862357881,0.04166666666666666
10057,8911,0.8051408903333556,0.8188729390786135,0.030303030303030307
10057,13448,0.8000718206386199,0.8155194047000724,0.0
10057,15762,0.8074137881252015,0.8225664301307032,0.1176470588235294
10057,16487,0.8351963379509273,0.8261475877111246,0.021739130434782608
10060,17048,0.8125586897130876,0.7657022159644468,0.0
10104,16880,0.8160061273678987,0.8245376591410916,0.07142857142857142
10104,19579,0.8025834243579222,0.7981379240763898,0.1
10104,21696,0.8048078021853411,0.8195053914347931,0.07692307692307693
10104,22032,0.8048078021853411,0.8195053914347931,0.07692307692307693
10115,1996,0.8232037108744271,0.8190460196701387,0.2
10172,19311,0.8055354800055811,0.8268025927431595,0.06666666666666668
10208,18546,0.803260934167749,0.8070427025816592,0.14285714285714285
10264,22122,0.8186407838027995,0.8252783588437019,0.2857142857142857
10278,5420,0.8052178726431304,0.8410517818114771,0.0
10329,12350,0.820065714347236,0.8467691779235208,0.25
10331,21988,0.8137076199391681,0.8147922202497726,0.2
10364,15762,0.8013164524976998,0.8173679532916585,0.07142857142857142
10369,17106,0.8038022637461688,0.8208711108682155,0.09090909090909093
10376,17669,0.8006951117402537,0.8156937264627778,0.125
10391,22122,0.8047509967922923,0.813392541916877,0.25
10392,22122,0.8047509967922923,0.813392541916877,0.25
10425,6676,0.8036488274805604,0.8180443012190787,0.2222222222222222
10455,14454,0.8119706844172753,0.8117747950232539,0.05882352941176471
10465,21124,0.8092572962388508,0.8089979034644685,0.2857142857142857
10476,15573,0.8018223864672295,0.8333730412890333,0.021739130434782608
10507,22129,0.8373646950503467,0.8468495600154419,0.0625
10517,3434,0.8052694264911954,0.7875153687176933,0.08333333333333333
10518,14838,0.8100301902117341,0.8174247860597398,0.09090909090909093
10527,2049,0.8058784275073875,0.8008549796421047,0.2
10535,20297,0.8049048287275472,0.8169112715909851,0.04166666666666666
10576,18474,0.8008786619539034,0.8187300701275458,0.2222222222222222
10609,21989,0.8005138194350835,0.7719495637345859,0.2
10630,17106,0.8470147320148637,0.8530649244113795,0.125
10649,21989,0.8086696206910139,0.7877786007577056,0.16666666666666666
10658,4776,0.8015592265573039,0.8219418926070755,0.15384615384615385
10666,21713,0.8420582741204892,0.8333841175388771,0.07692307692307693
10666,21904,0.8240778608104671,0.8246495258306443,0.05
10666,22126,0.8017120341121968,0.7992396849444319,0.09090909090909093
10819,22122,0.8096815948977627,0.7873456041814949,0.14285714285714285
10921,7402,0.8797437477335236,0.879323347353359,0.4
10937,11741,0.8010824474195887,0.7982884282957171,0.18181818181818185
10961,8126,0.8084394317660297,0.7864666323845381,0.16666666666666666
11042,3434,0.8018067800542483,0.7926324875380495,0.1111111111111111
11053,21988,0.8006358212656013,0.7953664892442678,0.15384615384615385
11271,22122,0.8216004587611301,0.8142357149845183,0.2
11279,22122,0.8092269499116507,0.7924024279062476,0.2
11286,22122,0.8043869490780103,0.8050337337137997,0.2
11290,22122,0.8027168916737859,0.7739757580102848,0.2
11294,22122,0.8548378517406608,0.8355056556843382,0.2
11295,22122,0.834819005895619,0.8203679093507765,0.2
11298,20291,0.8141315208172708,0.7789751748436519,0.25
11298,22122,0.8504253789037131,0.8349635857618976,0.2
11306,22122,0.8104245476154064,0.8043458128705959,0.2
11310,22122,0.8522597732026637,0.8395585870254041,0.2
11311,22122,0.8184913551765409,0.8107106830764529,0.2
11312,22122,0.802571542683516,0.7951217526186506,0.2
11313,22122,0.815325137313532,0.8025075904310989,0.2
11317,22122,0.8179973265340693,0.8082979434069554,0.2
11321,22122,0.8127490396188578,0.8070467331975733,0.2
11324,22122,0.8054403312549254,0.8046431743116943,0.2
11328,20291,0.8188427441035913,0.7847096064149213,0.25
11328,22122,0.8573532523650375,0.8425602468656547,0.2
11335,22122,0.8271463236799859,0.8063703558772926,0.2
11338,22122,0.8212511315289399,0.808635309428792,0.2
11342,22122,0.8154665728671049,0.7934429493579019,0.2
11344,22122,0.8162837395933525,0.8095775676031011,0.2
11345,22122,0.847753145440369,0.8308660765535812,0.2
11352,22122,0.8410424151384893,0.8237127828874818,0.2
11363,18705,0.818050190917864,0.8121943707712898,0.3333333333333333
11366,22122,0.8445393867992317,0.8248169606435563,0.2
11369,22122,0.8064325093258492,0.8043287562421619,0.2
11390,22122,0.8331120934569133,0.8178891165256551,0.2
11394,20291,0.8188427441035913,0.7847096064149213,0.25
11394,22122,0.8573532523650375,0.8425602468656547,0.2
11407,22122,0.8537659842711023,0.8323149541111622,0.2
11410,22122,0.808075120592223,0.7955403275969816,0.16666666666666666
11417,22122,0.8054403312549254,0.8046431743116943,0.2
11421,22122,0.8648064657585626,0.8395127892004761,0.2
11438,22122,0.8068162708057394,0.7919178374884444,0.2
11445,22122,0.8100918104991778,0.7942508784599026,0.2
11668,1162,0.8329117215737748,0.8387359402617737,0.2222222222222222
11678,1162,0.8401611203434408,0.847449704827175,0.2222222222222222
11679,1162,0.8043491938833441,0.8131792059009932,0.125
11683,1162,0.8330280749993328,0.8350624398882339,0.1111111111111111
11691,1162,0.8269782355358337,0.8315860483217439,0.07692307692307693
11694,16064,0.803726209347662,0.8048513173303604,0.0625
11695,1162,0.8075918188006974,0.8046623197746573,0.1
11701,1162,0.8227058050761534,0.8301638280002097,0.25
11706,1162,0.8165561359313208,0.8224413847923933,0.08333333333333333
11733,1162,0.8257855430716858,0.8335721492339356,0.25
11735,1162,0.8536492444000704,0.8600601843672013,0.2222222222222222
11771,1162,0.8089863491115402,0.8117110140060313,0.06666666666666668
11796,1162,0.8043347589257079,0.7967696702234064,0.1111111111111111
11812,1162,0.8360547505752671,0.8434810283352087,0.25
11819,14284,0.8053110295913771,0.7849660361538695,0.13043478260869565
11837,14278,0.8219907045941328,0.8286196318412665,0.07142857142857142
12150,16831,0.8054256119327597,0.7462543207472584,0.05263157894736842
12198,12940,0.8147072979477444,0.7985143411496821,0.0
12258,15873,0.8104410930129049,0.8176787094049334,0.2
12270,16831,0.8037876256415847,0.7746916537658693,0.045454545454545456
12277,15873,0.8153954892959643,0.8178611772047131,0.2
12354,13125,0.8292390829135573,0.8456592201239238,0.0
12355,7469,0.8266903632350664,0.8330775360022835,0.07142857142857142
12355,15728,0.8061723469755374,0.8444420184375984,0.05882352941176471
12372,7469,0.8086222995050902,0.8240902387889129,0.09090909090909093
12377,7469,0.8169931756415916,0.8316932277412413,0.1
12377,11471,0.8391098541166233,0.8538352825421804,0.1
12377,17239,0.8020787038760108,0.8221345736532589,0.0625
12377,18109,0.8024926114317389,0.8238528166305586,0.0
12384,7469,0.8061332240749518,0.8218728652549414,0.1111111111111111
12402,7469,0.8751012558252573,0.8846059522716635,0.25
12417,184,0.8086722310345825,0.8353596217865589,0.06666666666666668
12427,7469,0.8028044627695881,0.8155910937375056,0.09090909090909093
12435,13125,0.8154786788874899,0.831591243577612,0.0
12436,1230,0.8015535865207136,0.8150872095993887,0.09090909090909093
12445,7469,0.8006921037584066,0.8168845803075886,0.08333333333333333
12449,13125,0.8089835068124542,0.8411663594990092,0.05882352941176471
12454,7469,0.8073578421509698,0.8222369891288481,0.1111111111111111
12466,7469,0.8128035654942442,0.8223945105078742,0.09090909090909093
12466,9575,0.8266057443225034,0.8352424403793612,0.0
12483,7469,0.8159607059772138,0.8290772530362256,0.1
12487,7469,0.8089871107118634,0.8238645954041771,0.09090909090909093
12493,12955,0.8068696669670326,0.8408209482266314,0.09090909090909093
12493,17184,0.8078313689681058,0.8351241393905118,0.05882352941176471
12494,7469,0.8111370494273548,0.8262884120096733,0.1
12514,7469,0.8295234606242415,0.8428512946367459,0.1
12527,13125,0.8226104005714239,0.8352792965865466,0.0
12538,7469,0.8129290562741737,0.8218414967745409,0.09090909090909093
12540,7469,0.8105221532109173,0.825790175915,0.1
12550,7469,0.8221635065456897,0.835333861359071,0.1111111111111111
12553,13125,0.8009310484703287,0.8309568636748336,0.0
12557,13125,0.8054174251123429,0.8377182041696218,0.0
12563,184,0.8118051823811151,0.8239837715715606,0.15384615384615385
12564,13125,0.8703851420044979,0.8858206524677591,0.06666666666666668
12570,7469,0.806996817376762,0.8204101258049875,0.1
12571,13125,0.8058994698426706,0.8463426474796969,0.0
12579,7469,0.8097320800063135,0.8240784914622432,0.1
12591,3379,0.8177687935407068,0.8280289737770472,0.14285714285714285
12599,14075,0.820691217229843,0.8464817676796575,0.14285714285714285
12600,12940,0.8188583585171746,0.8086249006575209,0.0
12600,19651,0.8033986632481638,0.7890873478454776,0.0
12604,7469,0.8005515843201245,0.8154138282746164,0.08333333333333333
12613,7469,0.8408931547627592,0.8497933115639817,0.08333333333333333
12633,7469,0.81170817423152,0.8090698105204887,0.09090909090909093
12642,7469,0.800750567331183,0.8149982836747934,0.1111111111111111
12648,7469,0.8063157562723486,0.8187826971991305,0.09090909090909093
12651,7469,0.8062312387526998,0.8211577656031988,0.09090909090909093
12668,7469,0.8022561383783968,0.8176744042196578,0.09090909090909093
12671,7469,0.8195430600748621,0.8336510750663281,0.08333333333333333
12674,7469,0.8218868689166375,0.8346298858953833,0.09090909090909093
12695,7469,0.8116370118378142,0.8260462240528708,0.07692307692307693
12695,13125,0.8105778987286294,0.8230268433556791,0.0
12697,7469,0.8238803404248248,0.8373769722404003,0.2
12738,7469,0.8338190738188261,0.8448148044693138,0.1
12739,7469,0.8316751880708391,0.8450123282516759,0.1
12739,13125,0.8040756910967727,0.8280304785169814,0.0
12744,12884,0.8009576893225397,0.8183778702343375,0.0
12744,21907,0.8156802259580266,0.8307554892113594,0.0
12761,17184,0.8040440410786596,0.8285107050627495,0.07692307692307693
12770,18109,0.8087238381477004,0.8366102001739992,0.047619047619047616
12772,13125,0.8114573570795098,0.8391080829726251,0.0
12772,14093,0.8009428568811482,0.8251875870901988,0.05555555555555555
12790,7469,0.8122568859777072,0.8268395797708008,0.1111111111111111
12802,13125,0.800790552491801,0.8357943785246756,0.0
12811,7469,0.8166069166571338,0.8249012341982213,0.125
12815,7469,0.8091877031967651,0.8239582219265155,0.1111111111111111
12832,7469,0.8064007588658441,0.8220172587069436,0.1111111111111111
12840,7469,0.8020669349755747,0.8180608811088506,0.08333333333333333
12847,7469,0.8310412323864519,0.8430274057287237,0.2222222222222222
12867,7469,0.8465784790308286,0.8578904638604828,0.1111111111111111
12878,7469,0.8249624114664537,0.8342055480385027,0.1111111111111111
12886,7469,0.8065883153248607,0.8222574627450918,0.18181818181818185
12898,16487,0.8058537987261843,0.7804874822365337,0.05555555555555555
12898,16718,0.8028370017935648,0.8034993312743152,0.0
12907,16718,0.8067246753048142,0.8152092670304398,0.0
12962,16487,0.8045941571471981,0.8004366421914009,0.05263157894736842
13120,21819,0.8473656830893983,0.8422871979600124,0.07692307692307693
13120,21907,0.813051087027135,0.8196958655690646,0.04166666666666666
13139,13524,0.8126257903342553,0.8275681544717576,0.0
13245,21760,0.8372378383564663,0.8608200186738106,0.18181818181818185
13248,1231,0.8247597900188914,0.8421130386864563,0.06666666666666668
13284,2608,0.81697779987799,0.7865081937808253,0.2
13427,2608,0.8044020246587579,0.7863287490095173,0.2
13441,15347,0.8000295627057679,0.8056495032877145,0.2
13454,16230,0.8035110102539087,0.7896565238093974,0.0
13477,15573,0.8383095504409196,0.8327454724045631,0.05128205128205128
13505,21760,0.8424993130417487,0.8637256099479573,0.2857142857142857
13508,298,0.8134589302023885,0.8285417912563281,0.09090909090909093
13542,1712,0.8295956380075838,0.8298763073115653,0.0
13578,14842,0.8036441156408303,0.8099732644096187,0.2
13593,4130,0.8327703129718131,0.8390240349399991,0.14285714285714285
13615,17047,0.8041806312097476,0.8173037463342908,0.0
13628,9134,0.8099126571425401,0.7865132631707258,0.14285714285714285
13647,14585,0.8398703489671185,0.8586406027271959,0.0
13652,4130,0.8019452865237477,0.8056467319805095,0.16666666666666666
13720,9442,0.811506017582843,0.8262651526357374,0.0
13720,11027,0.8204348561505193,0.827454605274386,0.0
13720,11035,0.8237393665051594,0.8236471648797696,0.05
13720,12922,0.8230000905474242,0.8327861376453415,0.0
13740,8506,0.8171969891535613,0.8199605392329141,0.0
13806,605,0.8067575825080473,0.827134512683327,0.07142857142857142
13844,4577,0.8384276537822171,0.8572655248446337,0.4
13849,13951,0.8092117695767935,0.8127208272670013,0.0
13879,1230,0.8251386691771836,0.8195282111108855,0.14285714285714285
13879,4130,0.8248152495705403,0.8291127759147984,0.2
14046,22122,0.8308696722786248,0.8144303762169075,0.16666666666666666
14061,18773,0.8462173504595454,0.8462009334275455,0.3333333333333333
14095,4130,0.8295202565178421,0.832433431258138,0.16666666666666666
14102,3511,0.8068381526792691,0.8276704832075238,0.125
14106,3511,0.8036196847390089,0.8373607006177475,0.125
14107,4130,0.8603132949734107,0.8624534364525311,0.16666666666666666
14366,15842,0.8063326535865392,0.8174678424007257,0.16666666666666666
14404,15842,0.827371230545164,0.8369990367647402,0.16666666666666666
14464,17106,0.8009488683236704,0.8329306459528939,0.0
14468,17106,0.8126529946243857,0.8366810769458632,0.1
14709,14698,0.8576980193506685,0.8645078864863862,0.2
14714,3381,0.8136909859065661,0.8445590798063595,0.0
14714,13125,0.8055357341142246,0.8385870456066224,0.04166666666666666
14717,12884,0.8171110546536687,0.8367528462163716,0.1111111111111111
14717,21666,0.8152483790298849,0.7770226825941252,0.04
14717,21713,0.8330417710253443,0.8495031001490779,0.04
14717,21751,0.8193321859873555,0.7641517392351547,0.060606060606060615
14717,21819,0.8313663958710542,0.8666685168341147,0.03225806451612903
14717,22126,0.8208507682908245,0.8331984762438415,0.047619047619047616
14717,22213,0.8050989980554858,0.8125420080216984,0.04166666666666666
14717,22403,0.8189535159285151,0.8479367549341648,0.1176470588235294
14720,642,0.8069119353416355,0.8409501105189456,0.25
14720,19527,0.8146629135935083,0.8473617819616058,0.25
14720,21924,0.8967375893816839,0.9142450904927032,0.6666666666666666
14721,20291,0.8011525885768896,0.8208847702045347,0.13333333333333333
14733,12884,0.868260473848695,0.8848824244551325,0.045454545454545456
14733,21666,0.8388227710593008,0.829633602034027,0.07407407407407407
14733,21667,0.8568236381466424,0.8775039591105303,0.05882352941176471
14733,21669,0.8466261528047087,0.8635949818026565,0.08333333333333333
14733,21713,0.8449772885884613,0.8645343648555678,0.03571428571428571
14733,21751,0.8721539377601125,0.8499969260033308,0.05555555555555555
14733,21816,0.8250125074563739,0.8508598202079151,0.060606060606060615
14733,21904,0.8031358384428141,0.8196344820496034,0.047619047619047616
14733,22126,0.8133152642603265,0.8343695257228558,0.04166666666666666
14733,22213,0.8035227759563178,0.8222148746185097,0.037037037037037035
14733,22403,0.8360065928802161,0.8593602368764482,0.047619047619047616
14735,12884,0.8178234610894101,0.8404371215524831,0.09090909090909093
14735,21713,0.8551538670562004,0.871322316518245,0.1111111111111111
14735,21718,0.8016184351494172,0.8194634917903324,0.09090909090909093
14735,21725,0.8405227035379884,0.8618276621498329,0.05882352941176471
14735,22014,0.8183361168934944,0.8404975765944173,0.04
14735,22215,0.8199773341777021,0.8619389389823918,0.06451612903225806
14735,22402,0.8338393101353458,0.8293437629263933,0.06451612903225806
14787,12884,0.8090825766204089,0.8295187000632571,0.14285714285714285
14787,13409,0.8253916229846284,0.8430253974835215,0.030303030303030307
14787,21667,0.8120580923191049,0.8449969464989786,0.022727272727272728
14787,21713,0.8169565480746915,0.8357049771634513,0.05555555555555555
14787,21819,0.8640842531229175,0.8919025439619301,0.047619047619047616
14787,21907,0.8437055751468926,0.8652109583266593,0.025
14787,22394,0.8223067465176499,0.8618856570118294,0.0196078431372549
14789,22022,0.8001244930855237,0.8499327092979091,0.25925925925925924
14792,22120,0.8382877198198443,0.8721654193402836,0.1153846153846154
14793,421,0.8007463953452367,0.8134795190223816,0.0
14793,12884,0.8638107099835465,0.880009879602633,0.16666666666666666
14793,21667,0.8001484600607459,0.8352366364318121,0.08
14794,12884,0.852370085783615,0.8684082624924998,0.15789473684210525
14794,21667,0.8272689124786837,0.8578763924881209,0.060606060606060615
14794,21735,0.8010808996214093,0.8326803165288292,0.04166666666666666
14794,21751,0.8299522463862269,0.7836370540775862,0.057142857142857134
14794,21819,0.8088154207598017,0.8481702952421187,0.030303030303030307
14794,21907,0.8749454906966369,0.8929440816778127,0.03333333333333333
14794,22213,0.8115075076293187,0.8221794489573447,0.038461538461538464
14795,12884,0.804882739185378,0.8308072471802344,0.10526315789473684
14795,21667,0.8026002618200961,0.8354591855763004,0.030303030303030307
14795,21718,0.8480489935993711,0.8627597113181401,0.05
14795,21722,0.8057368723822513,0.8348251106366246,0.08333333333333333
14795,21735,0.8161987050763204,0.8445409186746472,0.043478260869565216
14795,21751,0.8193757973323181,0.7916247202421994,0.05882352941176471
14795,21907,0.8428036911220645,0.8670270887722918,0.03448275862068965
14795,22213,0.8328137126132018,0.8463143756744801,0.04
14796,6530,0.8008167543121335,0.818440147816904,0.09090909090909093
14796,12884,0.8512000226003933,0.8638218956204758,0.125
14796,21667,0.8259189839149372,0.8388592799820254,0.03333333333333333
14796,21713,0.8348344549319627,0.8491076556122992,0.14285714285714285
14796,21722,0.8085413073063504,0.825020681655705,0.09523809523809523
14796,21751,0.8049334172803815,0.8010541864767351,0.06451612903225806
14796,21816,0.8229075933224317,0.8332321926050966,0.1111111111111111
14796,21819,0.8395086538875722,0.8474052844687288,0.15384615384615385
14796,21907,0.8263860607776461,0.8405591308259351,0.038461538461538464
14797,6530,0.8134321124284155,0.8382971259562491,0.09090909090909093
14797,12884,0.8072170218670363,0.8313033844038509,0.125
14797,21667,0.8008540778283493,0.8365644834560844,0.03333333333333333
14797,21713,0.8093657246627589,0.8329521327744343,0.09090909090909093
14797,21819,0.8053511580820779,0.8452645577394835,0.1111111111111111
14797,22022,0.8076469557022308,0.8511159911128859,0.08695652173913042
14807,15298,0.8271853312161961,0.8506985228333708,0.4
14810,605,0.8053427898933813,0.8163564552527002,0.0
14816,2521,0.8455055019029211,0.8634211014366148,0.2222222222222222
14821,12350,0.8971715157457332,0.9166765659854812,0.6666666666666666
14821,18854,0.8163604363006522,0.8521193240516057,0.1
14834,19652,0.8226076790593719,0.8132926693924197,0.07142857142857142
14836,11035,0.8030898419758031,0.8258770563950687,0.0
14836,15195,0.8332262312760671,0.8547476593310067,0.10526315789473684
14856,16487,0.8219803556314416,0.7762687017622373,0.027777777777777776
14858,13036,0.8218590102953038,0.8567168708615404,0.06666666666666668
14863,13036,0.8218590102953038,0.8567168708615404,0.06666666666666668
14875,15195,0.8072413744001126,0.8251579716507551,0.05263157894736842
14880,10717,0.8393435303536767,0.8526607853743294,0.2222222222222222
14882,17106,0.8109177612842204,0.8381268210519925,0.0
14882,21760,0.8233318981270121,0.8491689990814025,0.1111111111111111
14905,15298,0.8298439527721594,0.8526808706722476,0.2
14907,15298,0.8289691424087648,0.8492664386166058,0.2
14924,18544,0.8136370020154484,0.7892708831103831,0.125
14980,1080,0.8215354025378063,0.8044904203799913,0.6666666666666666
14980,2608,0.8576973156150408,0.8504192492265392,0.5
14980,14698,0.8744336021839116,0.8670414991107774,0.25
15007,19954,0.8278208072676937,0.8350237004738434,0.2
15008,14277,0.8056766172230531,0.8135452053459102,0.125
15017,21686,0.8053607123047576,0.7857194628134009,0.1
15021,3381,0.8049032196131207,0.8246791988275901,0.0625
15021,13114,0.8483594243366972,0.8342427545991792,0.0
15042,388,0.8632460837301015,0.872557194609216,0.25
15049,21415,0.8007178822364786,0.8214999459402521,0.09090909090909093
15054,8094,0.85748045471938,0.8619435185128915,0.1111111111111111
15087,2196,0.8002678999999364,0.7898052768924548,0.3333333333333333
15110,2049,0.8070839908193764,0.7998221089266963,0.25
15110,3878,0.8248496312823036,0.765990994434389,0.25
15110,5362,0.8387105218820547,0.8288420556141504,0.2
15110,5439,0.8037976137588485,0.7398946177310541,0.2
15115,397,0.8098577456280341,0.8082113730603533,0.07692307692307693
15115,605,0.8283204194563342,0.8335087159470628,0.0
15180,12617,0.8162929706385685,0.8152478983042052,0.16666666666666666
15180,17250,0.8584190335804296,0.8569097495027332,0.1111111111111111
15213,3149,0.8253804319744474,0.8272589439133136,0.1111111111111111
15221,9528,0.816445386729489,0.8561484747681051,0.14285714285714285
15227,4152,0.8313392296420893,0.8355360160240275,0.5
15228,9136,0.807023974706055,0.8398482674042519,0.3333333333333333
15260,10400,0.8009730162637203,0.7847876231562201,0.25
15267,15195,0.82193848191599,0.7952990846397378,0.10526315789473684
15268,4130,0.8136906620493088,0.8131259026959188,0.2
15282,9134,0.8091774517640812,0.8186011966142517,0.14285714285714285
15284,9442,0.8082465285274998,0.8324034579113512,0.16666666666666666
15284,13124,0.8067706568900046,0.8252923928328485,0.0
15284,17250,0.8232094416283361,0.8432930601589769,0.0
15284,19134,0.8074118579042293,0.827092689954136,0.0
15296,3381,0.8091700376979921,0.8302649451613252,0.0
15302,1162,0.8084570512124752,0.8108370546157809,0.125
15336,11927,0.8209578317060374,0.8529730554117028,0.16666666666666666
15336,18938,0.8066311077749004,0.840658143176702,0.25
15356,4130,0.8108307944967291,0.8177293215344641,0.14285714285714285
15365,3878,0.8763266407774948,0.8955287267436618,0.3333333333333333
15377,4130,0.8039123229345188,0.7855977659734357,0.125
15384,19134,0.8128620825776611,0.8302489934400279,0.125
15397,14844,0.8000983400188393,0.7915788564750527,0.2
15398,21412,0.8053765904069652,0.8340845679313286,0.2
15402,17106,0.8118545159111838,0.8423098162489738,0.14285714285714285
15405,12350,0.8407610315373935,0.8721090126648265,0.3333333333333333
15408,6261,0.804402633211588,0.8090057743687182,0.16666666666666666
15437,22122,0.8310877355637698,0.8307142220323188,0.14285714285714285
15438,1230,0.8021600585178906,0.8180949014397719,0.09090909090909093
15443,4130,0.809906354142368,0.8171087172193627,0.14285714285714285
15444,1230,0.8372346370925733,0.8370123365811658,0.125
15445,17106,0.8183920522218812,0.8229956896989653,0.2857142857142857
15453,17106,0.8032980331599937,0.8334279415348527,0.0
15473,13195,0.8005128758179015,0.8212291332838689,0.4
15474,12350,0.8298624580707703,0.8547337158031971,0.25
15474,18854,0.8023351916174303,0.8163344687323405,0.2222222222222222
15511,12884,0.8032600001682624,0.8213188015995742,0.0625
15529,17106,0.8149696451724336,0.8372958106024008,0.08333333333333333
15529,21760,0.8157938284984207,0.8380576541874235,0.07142857142857142
15555,17106,0.8012591788436052,0.8197578105332496,0.0
15556,9575,0.8035015056475419,0.8203215882102931,0.0
15564,14454,0.8233742544957056,0.8272506051030974,0.08333333333333333
15567,17106,0.8100074843699647,0.8355429198436427,0.0
15577,21907,0.8373795268898853,0.8627807529768357,0.0
15579,18740,0.8345977510951058,0.8461705644460037,0.07692307692307693
15582,17005,0.8151967165625051,0.8261656484329478,0.09090909090909093
15602,8729,0.8262571753436841,0.8545740881164912,0.25
15613,15492,0.8035052050852566,0.7836209854499367,0.0625
15622,14919,0.8032590994511501,0.8314601597779779,0.0
15625,15728,0.8112796962235781,0.8388550363236866,0.05555555555555555
15633,14347,0.8099928928445552,0.8151974831536191,0.05263157894736842
15635,11927,0.8352903687302874,0.8615025338007047,0.2222222222222222
15649,14347,0.8259484524681632,0.8272284728186088,0.1176470588235294
15653,4130,0.8712786399814058,0.8696546176007015,0.3333333333333333
15679,19579,0.8229559996014296,0.8141519703350529,0.05882352941176471
15679,21696,0.8250630722529195,0.8377567020149368,0.25
15679,22032,0.8250630722529195,0.8377567020149368,0.25
15687,2099,0.8252772219909907,0.8580508756460721,0.08695652173913042
15687,20036,0.8021986403396384,0.8205900906036296,0.12
15687,20871,0.8079967380709149,0.8325144783468041,0.0967741935483871
15699,1645,0.8057179262351382,0.8354316135755241,0.16666666666666666
15699,18488,0.8251879948504991,0.8490501085337926,0.14285714285714285
15700,15803,0.8496791003732075,0.8940132145370672,0.18181818181818185
15744,4130,0.8058164995056487,0.8124442061423681,0.14285714285714285
15753,21667,0.8327188570582795,0.8437278449808618,0.08333333333333333
15753,21907,0.8078485886894258,0.8231349860168216,0.1
15760,5665,0.8025571131614925,0.7807888781646778,0.25
15792,7817,0.8488628270997388,0.8540148672772808,0.25
15812,14914,0.8090266177615822,0.8248047191088764,0.04
15828,16514,0.8193727378601803,0.8537712560266254,0.25
15831,21725,0.8490380042050248,0.8636965812883237,0.10714285714285714
15831,21753,0.8154760980506355,0.7760613099327874,0.06666666666666668
15831,21818,0.8013030827895992,0.8177481543727859,0.09090909090909093
15831,21820,0.8302953433846698,0.8409589865436325,0.07407407407407407
15831,22126,0.8105528553029321,0.8286625006980123,0.05
15831,22213,0.8090429950509181,0.825866007491409,0.043478260869565216
15831,22402,0.8065921760590681,0.8193536033773839,0.037037037037037035
15832,2148,0.8072181880528067,0.8268724917102114,0.2
15832,20906,0.8024464015677226,0.8204572249250732,0.13043478260869565
15872,10331,0.8272179234390687,0.8796935570764834,0.0
15872,10792,0.8108877415162704,0.8580135216925224,0.13333333333333333
15872,17620,0.8061790009500791,0.858810225955539,0.0
15875,7148,0.8011820972591227,0.8276264881800709,0.2222222222222222
15875,20647,0.8184644596212091,0.8478866617681271,0.09090909090909093
15931,21713,0.8151190787829231,0.8385911587506555,0.08333333333333333
15942,19551,0.8267591888992227,0.8259464299391047,0.1
15973,420,0.8342492383633684,0.8276570689690885,0.16666666666666666
15999,1230,0.824252254794489,0.8067930813917901,0.16666666666666666
15999,3901,0.8103807258608575,0.7815045197521551,0.2
15999,4130,0.8307065214209591,0.8305594306820396,0.25
